Number1,Number2,Number3
208,773,377
322,851,722
723,792,338
137,406,731
837,207,246
716,780,333
678,615,561
639,176,150
840,516,911
677,937,323
751,297,586
963,568,474
610,934,625
366,608,494
606,208,498
403,158,230
400,571,450
837,112,306
426,818,485
567,788,352
708,221,478
185,728,731
490,690,468
799,184,934
327,253,457
812,706,818
469,796,283
404,669,341
545,580,499
903,876,394
922,190,938
230,820,860
911,669,304
774,235,786
952,535,197
873,156,663
724,905,235
829,621,462
622,547,278
256,392,175
624,378,648
417,295,146
800,627,891
745,440,144
120,728,375
958,358,899
289,673,251
737,317,917
285,843,225
886,276,846
450,546,450
680,839,181
648,669,454
374,341,479
486,273,606
123,211,699
998,658,793
458,229,386
690,533,167
410,411,139
378,355,105
373,117,336
409,642,416
995,655,605
898,871,920
242,925,754
334,176,672
427,876,696
799,857,162
981,172,278
594,570,204
666,448,628
454,407,291
995,522,980
828,980,753
613,140,751
204,950,539
817,127,610
767,182,513
430,279,649
809,350,788
103,683,187
905,293,250
380,560,896
114,977,176
738,411,899
813,812,903
622,101,477
571,954,426
594,209,530
279,597,187
579,711,371
653,720,144
594,118,527
647,148,314
592,134,228
756,342,249
362,389,179
921,132,595
147,179,367
142,324,805
